﻿<?xml version="1.0"?>
<doc>
<assembly>
<name>
Highway
</name>
</assembly>
<members>
<member name="T:Highway.My.MyWpfExtension">
 <summary>
 Module used to define the properties that are available in the My Namespace for WPF
 </summary>
 <remarks></remarks>
</member>
<member name="P:Highway.My.MyWpfExtension.Application">
 <summary>
 Returns the application object for the running application
 </summary>
</member>
<member name="P:Highway.My.MyWpfExtension.Computer">
 <summary>
 Returns information about the host computer.
 </summary>
</member>
<member name="P:Highway.My.MyWpfExtension.User">
 <summary>
 Returns information for the current user.  If you wish to run the application with the current 
 Windows user credentials, call My.User.InitializeWithWindowsUser().
 </summary>
</member>
<member name="P:Highway.My.MyWpfExtension.Log">
 <summary>
 Returns the application log. The listeners can be configured by the application's configuration file.
 </summary>
</member>
<member name="P:Highway.My.MyWpfExtension.Windows">
 <summary>
 Returns the collection of Windows defined in the project.
 </summary>
</member>
<member name="T:Highway.My.Resources.Resources">
<summary>
  A strongly-typed resource class, for looking up localized strings, etc.
</summary>
</member>
<member name="P:Highway.My.Resources.Resources.ResourceManager">
<summary>
  Returns the cached ResourceManager instance used by this class.
</summary>
</member>
<member name="P:Highway.My.Resources.Resources.Culture">
<summary>
  Overrides the current thread's CurrentUICulture property for all
  resource lookups using this strongly typed resource class.
</summary>
</member>
<member name="T:Highway.StatTracketWindow">
<summary>
StatTracketWindow
</summary>
</member>
<member name="M:Highway.StatTracketWindow.InitializeComponent">
<summary>
InitializeComponent
</summary>
</member>
<member name="T:Highway.SelectHighwayWindow">
<summary>
SelectHighwayWindow
</summary>
</member>
<member name="M:Highway.SelectHighwayWindow.InitializeComponent">
<summary>
InitializeComponent
</summary>
</member>
<member name="T:Highway.Application">
<summary>
Application
</summary>
</member>
<member name="M:Highway.Application.InitializeComponent">
<summary>
InitializeComponent
</summary>
</member>
<member name="M:Highway.Application.Main">
<summary>
Application Entry Point.
</summary>
</member>
<member name="T:Highway.MainWindow">
<summary>
MainWindow
</summary>
</member>
<member name="M:Highway.MainWindow.InitializeComponent">
<summary>
InitializeComponent
</summary>
</member>
</members>
</doc>
